{"stats":{"minecraft:used":{"minecraft:dirt":5,"minecraft:grass_block":5},"minecraft:custom":{"minecraft:jump":71,"minecraft:time_since_rest":96432,"minecraft:leave_game":3,"minecraft:damage_dealt":225,"minecraft:crouch_one_cm":1456,"minecraft:sprint_one_cm":8362,"minecraft:play_time":99299,"minecraft:walk_one_cm":5373,"minecraft:time_since_death":96408,"minecraft:deaths":1,"minecraft:sneak_time":477,"minecraft:total_world_time":99299,"minecraft:drop":1,"minecraft:fall_one_cm":1312,"minecraft:fly_one_cm":73669},"minecraft:picked_up":{"minecraft:dirt":5},"minecraft:mined":{"minecraft:short_grass":1,"minecraft:tall_grass":2,"minecraft:grass_block":4,"minecraft:dirt":1},"minecraft:dropped":{"minecraft:grass_block":1}},"DataVersion":3953}