{"stats":{"minecraft:used":{"minecraft:waxed_copper_block":1,"minecraft:tuff_bricks":1,"minecraft:waxed_oxidized_copper":1,"minecraft:dirt":11,"minecraft:grass_block":6},"minecraft:custom":{"minecraft:time_since_rest":26635,"minecraft:crouch_one_cm":3213,"minecraft:play_time":135299,"minecraft:sprint_one_cm":12499,"minecraft:deaths":3,"minecraft:damage_taken":390,"minecraft:walk_one_cm":8815,"minecraft:sneak_time":1273,"minecraft:drop":3,"minecraft:jump":139,"minecraft:damage_dealt":355,"minecraft:leave_game":3,"minecraft:time_since_death":26604,"minecraft:total_world_time":135299,"minecraft:fall_one_cm":3892,"minecraft:fly_one_cm":85194},"minecraft:picked_up":{"minecraft:tuff_bricks":1,"minecraft:waxed_oxidized_copper":1,"minecraft:dirt":12},"minecraft:killed_by":{"minecraft:zombie":1},"minecraft:mined":{"minecraft:short_grass":2,"minecraft:grass_block":9,"minecraft:dirt":3,"minecraft:tall_grass":2},"minecraft:dropped":{"minecraft:tuff_bricks":1,"minecraft:grass_block":1,"minecraft:waxed_oxidized_copper":1}},"DataVersion":3953}