{"stats":{"minecraft:used":{"minecraft:dirt":5,"minecraft:grass_block":5},"minecraft:custom":{"minecraft:jump":48,"minecraft:time_since_rest":6432,"minecraft:leave_game":3,"minecraft:damage_dealt":80,"minecraft:crouch_one_cm":558,"minecraft:sprint_one_cm":5852,"minecraft:play_time":9299,"minecraft:walk_one_cm":3350,"minecraft:time_since_death":6408,"minecraft:deaths":1,"minecraft:sneak_time":266,"minecraft:total_world_time":9299,"minecraft:drop":1,"minecraft:fall_one_cm":1312,"minecraft:fly_one_cm":44180},"minecraft:picked_up":{"minecraft:dirt":5},"minecraft:mined":{"minecraft:short_grass":1,"minecraft:tall_grass":2,"minecraft:grass_block":4,"minecraft:dirt":1},"minecraft:dropped":{"minecraft:grass_block":1}},"DataVersion":3953}