{"stats":{"minecraft:custom":{"minecraft:time_since_rest":201145,"minecraft:crouch_one_cm":3836,"minecraft:play_time":375299,"minecraft:sprint_one_cm":16633,"minecraft:deaths":4,"minecraft:damage_taken":390,"minecraft:walk_one_cm":13865,"minecraft:sneak_time":1491,"minecraft:drop":5,"minecraft:jump":213,"minecraft:damage_dealt":465,"minecraft:leave_game":3,"minecraft:time_since_death":201121,"minecraft:total_world_time":375299,"minecraft:fall_one_cm":3892,"minecraft:fly_one_cm":140154},"minecraft:used":{"minecraft:short_grass":1,"minecraft:waxed_copper_block":1,"minecraft:tuff_bricks":1,"minecraft:waxed_oxidized_copper":1,"minecraft:dirt":11,"minecraft:grass_block":7},"minecraft:picked_up":{"minecraft:tuff_bricks":1,"minecraft:waxed_oxidized_copper":1,"minecraft:dirt":12},"minecraft:killed_by":{"minecraft:zombie":1},"minecraft:mined":{"minecraft:short_grass":2,"minecraft:grass_block":9,"minecraft:dirt":3,"minecraft:tall_grass":2},"minecraft:dropped":{"minecraft:tuff_bricks":1,"minecraft:short_grass":1,"minecraft:grass_block":2,"minecraft:waxed_oxidized_copper":1}},"DataVersion":3953}