{"stats":{"minecraft:used":{"minecraft:dirt":5,"minecraft:grass_block":5},"minecraft:custom":{"minecraft:jump":50,"minecraft:time_since_rest":18432,"minecraft:leave_game":3,"minecraft:damage_dealt":80,"minecraft:crouch_one_cm":1216,"minecraft:sprint_one_cm":7271,"minecraft:play_time":21299,"minecraft:walk_one_cm":4758,"minecraft:time_since_death":18408,"minecraft:deaths":1,"minecraft:sneak_time":413,"minecraft:total_world_time":21299,"minecraft:drop":1,"minecraft:fall_one_cm":1312,"minecraft:fly_one_cm":44802},"minecraft:picked_up":{"minecraft:dirt":5},"minecraft:mined":{"minecraft:short_grass":1,"minecraft:tall_grass":2,"minecraft:grass_block":4,"minecraft:dirt":1},"minecraft:dropped":{"minecraft:grass_block":1}},"DataVersion":3953}