{"stats":{"minecraft:picked_up":{"minecraft:tuff_bricks":1,"minecraft:dirt":13,"minecraft:waxed_oxidized_copper":1},"minecraft:killed_by":{"minecraft:witch":1,"minecraft:zombie":1},"minecraft:used":{"minecraft:short_grass":1,"minecraft:waxed_copper_block":1,"minecraft:waxed_oxidized_copper":1,"minecraft:tuff_bricks":1,"minecraft:dirt":12,"minecraft:grass_block":7},"minecraft:dropped":{"minecraft:tuff_bricks":1,"minecraft:short_grass":1,"minecraft:grass_block":2,"minecraft:waxed_oxidized_copper":1},"minecraft:mined":{"minecraft:short_grass":3,"minecraft:grass_block":10,"minecraft:dirt":3,"minecraft:tall_grass":2},"minecraft:custom":{"minecraft:time_since_rest":45,"minecraft:crouch_one_cm":5946,"minecraft:play_time":393640,"minecraft:sprint_one_cm":19787,"minecraft:deaths":5,"minecraft:damage_taken":655,"minecraft:walk_one_cm":22315,"minecraft:sneak_time":1998,"minecraft:drop":5,"minecraft:jump":231,"minecraft:damage_dealt":465,"minecraft:leave_game":6,"minecraft:time_since_death":16,"minecraft:total_world_time":393640,"minecraft:fall_one_cm":4101,"minecraft:fly_one_cm":142528}},"DataVersion":3953}