{"stats":{"minecraft:mined":{"minecraft:grass_block":3},"minecraft:picked_up":{"minecraft:mutton":3,"minecraft:white_wool":2,"minecraft:dirt":3},"minecraft:custom":{"minecraft:jump":41,"minecraft:time_since_rest":2706,"minecraft:damage_dealt":160,"minecraft:leave_game":2,"minecraft:crouch_one_cm":1323,"minecraft:play_time":2706,"minecraft:sprint_one_cm":1732,"minecraft:time_since_death":2706,"minecraft:walk_one_cm":1301,"minecraft:sneak_time":507,"minecraft:total_world_time":2706,"minecraft:mob_kills":2,"minecraft:fly_one_cm":2249,"minecraft:fall_one_cm":1523},"minecraft:used":{"minecraft:dirt":3},"minecraft:killed":{"minecraft:sheep":2}},"DataVersion":3953}